<?xml version="1.0" encoding="UTF-8"?>
<antlib>
	<taskdef name="filerotation" classname="jp.co.dk.anttask.file.FileRotation"/>
	<taskdef name="fileexist" classname="jp.co.dk.anttask.file.FileExist"/>
	<taskdef name="forfile" classname="jp.co.dk.anttask.file.ForFile"/>
    <taskdef name="ipmsg" classname="jp.co.dk.anttask.ipmsg.IpMessenger"/>
    <taskdef name="ipmsgsend" classname="jp.co.dk.anttask.ipmsg.IpMessenger"/>
    <taskdef name="list" classname="jp.co.dk.anttask.list.List"/>
    <taskdef name="listadd" classname="jp.co.dk.anttask.list.ListAdd"/>
    <taskdef name="listcontains" classname="jp.co.dk.anttask.list.ListContains"/>
    <taskdef name="listcopy" classname="jp.co.dk.anttask.list.ListCopy"/>
    <taskdef name="listeach" classname="jp.co.dk.anttask.list.ListEach"/>
    <taskdef name="listremove" classname="jp.co.dk.anttask.list.ListRemove"/>
    <taskdef name="listremoveall" classname="jp.co.dk.anttask.list.ListRemoveAll"/>
    <taskdef name="propertyfile" classname="jp.co.dk.anttask.property.Property"/>
    
    
</antlib>